benchmark,machine,gvn_base,simpl,pre,assumption,regalloc,metric,value,run_id,passed
508.namd_r,ns3978931,GVNPRE,1,0,,pbqp,exec_time,1.9748,0,PASS
508.namd_r,ns3978931,GVNPRE,1,0,,pbqp,compile_time,23.826900000000002,0,PASS
508.namd_r,ns3978931,GVNPRE,1,0,,pbqp,size..text,998793,0,PASS
510.parest_r,ns3978931,GVNPRE,1,0,,pbqp,exec_time,1.9068,0,PASS
510.parest_r,ns3978931,GVNPRE,1,0,,pbqp,compile_time,565.6484999999999,0,PASS
510.parest_r,ns3978931,GVNPRE,1,0,,pbqp,size..text,8960577,0,PASS
511.povray_r,ns3978931,GVNPRE,1,0,,pbqp,exec_time,0.1769,0,PASS
511.povray_r,ns3978931,GVNPRE,1,0,,pbqp,compile_time,33.47130000000001,0,PASS
511.povray_r,ns3978931,GVNPRE,1,0,,pbqp,size..text,966516,0,PASS
519.lbm_r,ns3978931,GVNPRE,1,0,,pbqp,exec_time,1.0174,0,PASS
519.lbm_r,ns3978931,GVNPRE,1,0,,pbqp,compile_time,0.4171,0,PASS
519.lbm_r,ns3978931,GVNPRE,1,0,,pbqp,size..text,16787,0,PASS
526.blender_r,ns3978931,GVNPRE,1,0,,pbqp,exec_time,0.0606,0,PASS
526.blender_r,ns3978931,GVNPRE,1,0,,pbqp,compile_time,320.29439999999994,0,PASS
526.blender_r,ns3978931,GVNPRE,1,0,,pbqp,size..text,8974136,0,PASS
538.imagick_r,ns3978931,GVNPRE,1,0,,pbqp,exec_time,0.004,0,PASS
538.imagick_r,ns3978931,GVNPRE,1,0,,pbqp,compile_time,44.7616,0,PASS
538.imagick_r,ns3978931,GVNPRE,1,0,,pbqp,size..text,1812313,0,PASS
544.nab_r,ns3978931,GVNPRE,1,0,,pbqp,exec_time,0.8803,0,PASS
544.nab_r,ns3978931,GVNPRE,1,0,,pbqp,compile_time,4.972399999999999,0,PASS
544.nab_r,ns3978931,GVNPRE,1,0,,pbqp,size..text,205176,0,PASS
997.specrand_fr,ns3978931,GVNPRE,1,0,,pbqp,exec_time,0.0019,0,PASS
997.specrand_fr,ns3978931,GVNPRE,1,0,,pbqp,compile_time,0.0925,0,PASS
997.specrand_fr,ns3978931,GVNPRE,1,0,,pbqp,size..text,2310,0,PASS
619.lbm_s,ns3978931,GVNPRE,1,0,,pbqp,exec_time,7.9111,0,PASS
619.lbm_s,ns3978931,GVNPRE,1,0,,pbqp,compile_time,0.42410000000000003,0,PASS
619.lbm_s,ns3978931,GVNPRE,1,0,,pbqp,size..text,16835,0,PASS
996.specrand_fs,ns3978931,GVNPRE,1,0,,pbqp,exec_time,0.001,0,PASS
996.specrand_fs,ns3978931,GVNPRE,1,0,,pbqp,compile_time,0.0959,0,PASS
996.specrand_fs,ns3978931,GVNPRE,1,0,,pbqp,size..text,2310,0,PASS
500.perlbench_r,ns3978931,GVNPRE,1,0,,pbqp,exec_time,4.3959,0,PASS
500.perlbench_r,ns3978931,GVNPRE,1,0,,pbqp,compile_time,50.9863,0,PASS
500.perlbench_r,ns3978931,GVNPRE,1,0,,pbqp,size..text,1709116,0,PASS
502.gcc_r,ns3978931,GVNPRE,1,0,,pbqp,exec_time,0.0021,0,PASS
502.gcc_r,ns3978931,GVNPRE,1,0,,pbqp,compile_time,262.4477000000003,0,PASS
502.gcc_r,ns3978931,GVNPRE,1,0,,pbqp,size..text,7009748,0,PASS
505.mcf_r,ns3978931,GVNPRE,1,0,,pbqp,exec_time,5.5188,0,PASS
505.mcf_r,ns3978931,GVNPRE,1,0,,pbqp,compile_time,1.1058,0,PASS
505.mcf_r,ns3978931,GVNPRE,1,0,,pbqp,size..text,28952,0,PASS
520.omnetpp_r,ns3978931,GVNPRE,1,0,,pbqp,exec_time,1.4097,0,PASS
520.omnetpp_r,ns3978931,GVNPRE,1,0,,pbqp,compile_time,133.20020000000002,0,PASS
520.omnetpp_r,ns3978931,GVNPRE,1,0,,pbqp,size..text,1286887,0,PASS
523.xalancbmk_r,ns3978931,GVNPRE,1,0,,pbqp,exec_time,0.024,0,PASS
523.xalancbmk_r,ns3978931,GVNPRE,1,0,,pbqp,compile_time,267.56489999999974,0,PASS
523.xalancbmk_r,ns3978931,GVNPRE,1,0,,pbqp,size..text,2993909,0,PASS
525.x264_r,ns3978931,GVNPRE,1,0,,pbqp,exec_time,9.8635,0,PASS
525.x264_r,ns3978931,GVNPRE,1,0,,pbqp,compile_time,16.097500000000004,0,PASS
525.x264_r,ns3978931,GVNPRE,1,0,,pbqp,size..text,556768,0,PASS
531.deepsjeng_r,ns3978931,GVNPRE,1,0,,pbqp,exec_time,4.4574,0,PASS
531.deepsjeng_r,ns3978931,GVNPRE,1,0,,pbqp,compile_time,3.035,0,PASS
531.deepsjeng_r,ns3978931,GVNPRE,1,0,,pbqp,size..text,78246,0,PASS
541.leela_r,ns3978931,GVNPRE,1,0,,pbqp,exec_time,2.7377,0,PASS
541.leela_r,ns3978931,GVNPRE,1,0,,pbqp,compile_time,14.222800000000003,0,PASS
541.leela_r,ns3978931,GVNPRE,1,0,,pbqp,size..text,133702,0,PASS
557.xz_r,ns3978931,GVNPRE,1,0,,pbqp,exec_time,4.497299999999999,0,PASS
557.xz_r,ns3978931,GVNPRE,1,0,,pbqp,compile_time,6.190699999999999,0,PASS
557.xz_r,ns3978931,GVNPRE,1,0,,pbqp,size..text,136712,0,PASS
999.specrand_ir,ns3978931,GVNPRE,1,0,,pbqp,exec_time,0.0028,0,PASS
999.specrand_ir,ns3978931,GVNPRE,1,0,,pbqp,compile_time,0.0973,0,PASS
999.specrand_ir,ns3978931,GVNPRE,1,0,,pbqp,size..text,2310,0,PASS
600.perlbench_s,ns3978931,GVNPRE,1,0,,pbqp,exec_time,4.4217,0,PASS
600.perlbench_s,ns3978931,GVNPRE,1,0,,pbqp,compile_time,51.07950000000002,0,PASS
600.perlbench_s,ns3978931,GVNPRE,1,0,,pbqp,size..text,1709116,0,PASS
602.gcc_s,ns3978931,GVNPRE,1,0,,pbqp,exec_time,0.0,0,PASS
602.gcc_s,ns3978931,GVNPRE,1,0,,pbqp,compile_time,255.18300000000002,0,PASS
602.gcc_s,ns3978931,GVNPRE,1,0,,pbqp,size..text,7009748,0,PASS
605.mcf_s,ns3978931,GVNPRE,1,0,,pbqp,exec_time,5.5035,0,PASS
605.mcf_s,ns3978931,GVNPRE,1,0,,pbqp,compile_time,1.1257000000000001,0,PASS
605.mcf_s,ns3978931,GVNPRE,1,0,,pbqp,size..text,28952,0,PASS
620.omnetpp_s,ns3978931,GVNPRE,1,0,,pbqp,exec_time,1.3994,0,PASS
620.omnetpp_s,ns3978931,GVNPRE,1,0,,pbqp,compile_time,132.74960000000004,0,PASS
620.omnetpp_s,ns3978931,GVNPRE,1,0,,pbqp,size..text,1286887,0,PASS
623.xalancbmk_s,ns3978931,GVNPRE,1,0,,pbqp,exec_time,0.0264,0,PASS
623.xalancbmk_s,ns3978931,GVNPRE,1,0,,pbqp,compile_time,267.1901000000001,0,PASS
623.xalancbmk_s,ns3978931,GVNPRE,1,0,,pbqp,size..text,2993909,0,PASS
625.x264_s,ns3978931,GVNPRE,1,0,,pbqp,exec_time,9.9667,0,PASS
625.x264_s,ns3978931,GVNPRE,1,0,,pbqp,compile_time,15.973100000000002,0,PASS
625.x264_s,ns3978931,GVNPRE,1,0,,pbqp,size..text,556768,0,PASS
631.deepsjeng_s,ns3978931,GVNPRE,1,0,,pbqp,exec_time,4.5324,0,PASS
631.deepsjeng_s,ns3978931,GVNPRE,1,0,,pbqp,compile_time,2.964,0,PASS
631.deepsjeng_s,ns3978931,GVNPRE,1,0,,pbqp,size..text,78246,0,PASS
641.leela_s,ns3978931,GVNPRE,1,0,,pbqp,exec_time,2.7446,0,PASS
641.leela_s,ns3978931,GVNPRE,1,0,,pbqp,compile_time,14.427699999999998,0,PASS
641.leela_s,ns3978931,GVNPRE,1,0,,pbqp,size..text,133702,0,PASS
657.xz_s,ns3978931,GVNPRE,1,0,,pbqp,exec_time,4.512899999999999,0,PASS
657.xz_s,ns3978931,GVNPRE,1,0,,pbqp,compile_time,6.199399999999998,0,PASS
657.xz_s,ns3978931,GVNPRE,1,0,,pbqp,size..text,136712,0,PASS
998.specrand_is,ns3978931,GVNPRE,1,0,,pbqp,exec_time,0.0019,0,PASS
998.specrand_is,ns3978931,GVNPRE,1,0,,pbqp,compile_time,0.1023,0,PASS
998.specrand_is,ns3978931,GVNPRE,1,0,,pbqp,size..text,2310,0,PASS
508.namd_r,ns3978931,NewGVN,1,0,opt,fast,exec_time,2.4941,0,PASS
508.namd_r,ns3978931,NewGVN,1,0,opt,fast,compile_time,21.157700000000002,0,PASS
508.namd_r,ns3978931,NewGVN,1,0,opt,fast,size..text,1318933,0,PASS
510.parest_r,ns3978931,NewGVN,1,0,opt,fast,exec_time,5.7788,0,PASS
510.parest_r,ns3978931,NewGVN,1,0,opt,fast,compile_time,558.9585999999997,0,PASS
510.parest_r,ns3978931,NewGVN,1,0,opt,fast,size..text,13789329,0,PASS
511.povray_r,ns3978931,NewGVN,1,0,opt,fast,exec_time,0.1812,0,PASS
511.povray_r,ns3978931,NewGVN,1,0,opt,fast,compile_time,32.93319999999999,0,PASS
511.povray_r,ns3978931,NewGVN,1,0,opt,fast,size..text,1347157,0,PASS
519.lbm_r,ns3978931,NewGVN,1,0,opt,fast,exec_time,0.8625,0,PASS
519.lbm_r,ns3978931,NewGVN,1,0,opt,fast,compile_time,0.4109,0,PASS
519.lbm_r,ns3978931,NewGVN,1,0,opt,fast,size..text,19659,0,PASS
526.blender_r,ns3978931,NewGVN,1,0,opt,fast,exec_time,0.0848,0,PASS
526.blender_r,ns3978931,NewGVN,1,0,opt,fast,compile_time,314.0624999999996,0,PASS
526.blender_r,ns3978931,NewGVN,1,0,opt,fast,size..text,12844156,0,PASS
538.imagick_r,ns3978931,NewGVN,1,0,opt,fast,exec_time,0.0063,0,PASS
538.imagick_r,ns3978931,NewGVN,1,0,opt,fast,compile_time,42.983,0,PASS
538.imagick_r,ns3978931,NewGVN,1,0,opt,fast,size..text,2766846,0,PASS
544.nab_r,ns3978931,NewGVN,1,0,opt,fast,exec_time,1.0776,0,PASS
544.nab_r,ns3978931,NewGVN,1,0,opt,fast,compile_time,4.8843,0,PASS
544.nab_r,ns3978931,NewGVN,1,0,opt,fast,size..text,297525,0,PASS
997.specrand_fr,ns3978931,NewGVN,1,0,opt,fast,exec_time,0.0029,0,PASS
997.specrand_fr,ns3978931,NewGVN,1,0,opt,fast,compile_time,0.0946,0,PASS
997.specrand_fr,ns3978931,NewGVN,1,0,opt,fast,size..text,3275,0,PASS
619.lbm_s,ns3978931,NewGVN,1,0,opt,fast,exec_time,6.8193,0,PASS
619.lbm_s,ns3978931,NewGVN,1,0,opt,fast,compile_time,0.4042,0,PASS
619.lbm_s,ns3978931,NewGVN,1,0,opt,fast,size..text,19707,0,PASS
996.specrand_fs,ns3978931,NewGVN,1,0,opt,fast,exec_time,0.0029,0,PASS
996.specrand_fs,ns3978931,NewGVN,1,0,opt,fast,compile_time,0.0905,0,PASS
996.specrand_fs,ns3978931,NewGVN,1,0,opt,fast,size..text,3275,0,PASS
500.perlbench_r,ns3978931,NewGVN,1,0,opt,fast,,,,FAIL
502.gcc_r,ns3978931,NewGVN,1,0,opt,fast,exec_time,0.0028,0,PASS
502.gcc_r,ns3978931,NewGVN,1,0,opt,fast,compile_time,258.36650000000003,0,PASS
502.gcc_r,ns3978931,NewGVN,1,0,opt,fast,size..text,10675141,0,PASS
505.mcf_r,ns3978931,NewGVN,1,0,opt,fast,exec_time,6.1955,0,PASS
505.mcf_r,ns3978931,NewGVN,1,0,opt,fast,compile_time,1.0973,0,PASS
505.mcf_r,ns3978931,NewGVN,1,0,opt,fast,size..text,46543,0,PASS
520.omnetpp_r,ns3978931,NewGVN,1,0,opt,fast,exec_time,1.5061,0,PASS
520.omnetpp_r,ns3978931,NewGVN,1,0,opt,fast,compile_time,133.37460000000007,0,PASS
520.omnetpp_r,ns3978931,NewGVN,1,0,opt,fast,size..text,1801538,0,PASS
523.xalancbmk_r,ns3978931,NewGVN,1,0,opt,fast,exec_time,0.0389,0,PASS
523.xalancbmk_r,ns3978931,NewGVN,1,0,opt,fast,compile_time,266.5062000000003,0,PASS
523.xalancbmk_r,ns3978931,NewGVN,1,0,opt,fast,size..text,4386933,0,PASS
525.x264_r,ns3978931,NewGVN,1,0,opt,fast,,,,FAIL
531.deepsjeng_r,ns3978931,NewGVN,1,0,opt,fast,exec_time,4.997,0,PASS
531.deepsjeng_r,ns3978931,NewGVN,1,0,opt,fast,compile_time,2.9464000000000006,0,PASS
531.deepsjeng_r,ns3978931,NewGVN,1,0,opt,fast,size..text,116116,0,PASS
541.leela_r,ns3978931,NewGVN,1,0,opt,fast,exec_time,3.05,0,PASS
541.leela_r,ns3978931,NewGVN,1,0,opt,fast,compile_time,14.3568,0,PASS
541.leela_r,ns3978931,NewGVN,1,0,opt,fast,size..text,195695,0,PASS
557.xz_r,ns3978931,NewGVN,1,0,opt,fast,exec_time,5.5293,0,PASS
557.xz_r,ns3978931,NewGVN,1,0,opt,fast,compile_time,6.177699999999999,0,PASS
557.xz_r,ns3978931,NewGVN,1,0,opt,fast,size..text,202882,0,PASS
999.specrand_ir,ns3978931,NewGVN,1,0,opt,fast,exec_time,0.0028,0,PASS
999.specrand_ir,ns3978931,NewGVN,1,0,opt,fast,compile_time,0.1025,0,PASS
999.specrand_ir,ns3978931,NewGVN,1,0,opt,fast,size..text,3275,0,PASS
600.perlbench_s,ns3978931,NewGVN,1,0,opt,fast,,,,FAIL
602.gcc_s,ns3978931,NewGVN,1,0,opt,fast,exec_time,0.0018,0,PASS
602.gcc_s,ns3978931,NewGVN,1,0,opt,fast,compile_time,252.07489999999987,0,PASS
602.gcc_s,ns3978931,NewGVN,1,0,opt,fast,size..text,10675141,0,PASS
605.mcf_s,ns3978931,NewGVN,1,0,opt,fast,exec_time,6.2048,0,PASS
605.mcf_s,ns3978931,NewGVN,1,0,opt,fast,compile_time,1.0720999999999998,0,PASS
605.mcf_s,ns3978931,NewGVN,1,0,opt,fast,size..text,46543,0,PASS
620.omnetpp_s,ns3978931,NewGVN,1,0,opt,fast,exec_time,1.5092,0,PASS
620.omnetpp_s,ns3978931,NewGVN,1,0,opt,fast,compile_time,133.1568,0,PASS
620.omnetpp_s,ns3978931,NewGVN,1,0,opt,fast,size..text,1801538,0,PASS
623.xalancbmk_s,ns3978931,NewGVN,1,0,opt,fast,exec_time,0.0363,0,PASS
623.xalancbmk_s,ns3978931,NewGVN,1,0,opt,fast,compile_time,266.7896999999998,0,PASS
623.xalancbmk_s,ns3978931,NewGVN,1,0,opt,fast,size..text,4386933,0,PASS
625.x264_s,ns3978931,NewGVN,1,0,opt,fast,,,,FAIL
631.deepsjeng_s,ns3978931,NewGVN,1,0,opt,fast,exec_time,5.4023,0,PASS
631.deepsjeng_s,ns3978931,NewGVN,1,0,opt,fast,compile_time,2.9175999999999997,0,PASS
631.deepsjeng_s,ns3978931,NewGVN,1,0,opt,fast,size..text,116116,0,PASS
641.leela_s,ns3978931,NewGVN,1,0,opt,fast,exec_time,3.0561,0,PASS
641.leela_s,ns3978931,NewGVN,1,0,opt,fast,compile_time,14.312000000000001,0,PASS
641.leela_s,ns3978931,NewGVN,1,0,opt,fast,size..text,195695,0,PASS
657.xz_s,ns3978931,NewGVN,1,0,opt,fast,exec_time,5.5498,0,PASS
657.xz_s,ns3978931,NewGVN,1,0,opt,fast,compile_time,6.171299999999999,0,PASS
657.xz_s,ns3978931,NewGVN,1,0,opt,fast,size..text,202882,0,PASS
998.specrand_is,ns3978931,NewGVN,1,0,opt,fast,exec_time,0.0029,0,PASS
998.specrand_is,ns3978931,NewGVN,1,0,opt,fast,compile_time,0.1003,0,PASS
998.specrand_is,ns3978931,NewGVN,1,0,opt,fast,size..text,3275,0,PASS
500.perlbench_r,ns3978931,GVNPRE,1,0,,greedy,exec_time,4.4433,0,PASS
500.perlbench_r,ns3978931,GVNPRE,1,0,,greedy,compile_time,51.3793,0,PASS
500.perlbench_r,ns3978931,GVNPRE,1,0,,greedy,size..text,1681579,0,PASS
600.perlbench_s,ns3978931,GVNPRE,1,0,,greedy,exec_time,4.5141,0,PASS
600.perlbench_s,ns3978931,GVNPRE,1,0,,greedy,compile_time,51.65619999999999,0,PASS
600.perlbench_s,ns3978931,GVNPRE,1,0,,greedy,size..text,1681579,0,PASS
525.x264_r,ns3978931,GVNPRE,1,0,,greedy,exec_time,9.4559,0,PASS
525.x264_r,ns3978931,GVNPRE,1,0,,greedy,compile_time,15.783500000000002,0,PASS
525.x264_r,ns3978931,GVNPRE,1,0,,greedy,size..text,537388,0,PASS
625.x264_s,ns3978931,GVNPRE,1,0,,greedy,exec_time,9.4971,0,PASS
625.x264_s,ns3978931,GVNPRE,1,0,,greedy,compile_time,15.7236,0,PASS
625.x264_s,ns3978931,GVNPRE,1,0,,greedy,size..text,537388,0,PASS
619.lbm_s,ns3978931,GVNPRE,1,0,,greedy,exec_time,6.2107,0,PASS
619.lbm_s,ns3978931,GVNPRE,1,0,,greedy,compile_time,0.41000000000000003,0,PASS
619.lbm_s,ns3978931,GVNPRE,1,0,,greedy,size..text,15011,0,PASS
631.deepsjeng_s,ns3978931,GVNPRE,1,0,,greedy,exec_time,4.4761,0,PASS
631.deepsjeng_s,ns3978931,GVNPRE,1,0,,greedy,compile_time,2.9955000000000003,0,PASS
631.deepsjeng_s,ns3978931,GVNPRE,1,0,,greedy,size..text,76756,0,PASS
557.xz_r,ns3978931,GVNPRE,1,0,,greedy,exec_time,4.4018,0,PASS
557.xz_r,ns3978931,GVNPRE,1,0,,greedy,compile_time,6.2083,0,PASS
557.xz_r,ns3978931,GVNPRE,1,0,,greedy,size..text,131794,0,PASS
657.xz_s,ns3978931,GVNPRE,1,0,,greedy,exec_time,4.402,0,PASS
657.xz_s,ns3978931,GVNPRE,1,0,,greedy,compile_time,6.177500000000003,0,PASS
657.xz_s,ns3978931,GVNPRE,1,0,,greedy,size..text,131794,0,PASS
505.mcf_r,ns3978931,GVNPRE,1,0,,greedy,exec_time,5.422,0,PASS
505.mcf_r,ns3978931,GVNPRE,1,0,,greedy,compile_time,1.1043999999999998,0,PASS
505.mcf_r,ns3978931,GVNPRE,1,0,,greedy,size..text,26648,0,PASS
605.mcf_s,ns3978931,GVNPRE,1,0,,greedy,exec_time,5.4056,0,PASS
605.mcf_s,ns3978931,GVNPRE,1,0,,greedy,compile_time,1.1372,0,PASS
605.mcf_s,ns3978931,GVNPRE,1,0,,greedy,size..text,26648,0,PASS
531.deepsjeng_r,ns3978931,GVNPRE,1,0,,greedy,exec_time,4.1932,0,PASS
531.deepsjeng_r,ns3978931,GVNPRE,1,0,,greedy,compile_time,3.0158,0,PASS
531.deepsjeng_r,ns3978931,GVNPRE,1,0,,greedy,size..text,76756,0,PASS
541.leela_r,ns3978931,GVNPRE,1,0,,greedy,exec_time,2.7384,0,PASS
541.leela_r,ns3978931,GVNPRE,1,0,,greedy,compile_time,14.1478,0,PASS
541.leela_r,ns3978931,GVNPRE,1,0,,greedy,size..text,128747,0,PASS
641.leela_s,ns3978931,GVNPRE,1,0,,greedy,exec_time,2.7355,0,PASS
641.leela_s,ns3978931,GVNPRE,1,0,,greedy,compile_time,14.023999999999997,0,PASS
641.leela_s,ns3978931,GVNPRE,1,0,,greedy,size..text,128747,0,PASS
510.parest_r,ns3978931,GVNPRE,1,0,,greedy,exec_time,1.8607,0,PASS
510.parest_r,ns3978931,GVNPRE,1,0,,greedy,compile_time,559.3435000000005,0,PASS
510.parest_r,ns3978931,GVNPRE,1,0,,greedy,size..text,8618017,0,PASS
508.namd_r,ns3978931,GVNPRE,1,0,,greedy,exec_time,1.7467,0,PASS
508.namd_r,ns3978931,GVNPRE,1,0,,greedy,compile_time,24.306399999999996,0,PASS
508.namd_r,ns3978931,GVNPRE,1,0,,greedy,size..text,897363,0,PASS
620.omnetpp_s,ns3978931,GVNPRE,1,0,,greedy,exec_time,1.3962,0,PASS
620.omnetpp_s,ns3978931,GVNPRE,1,0,,greedy,compile_time,132.548,0,PASS
620.omnetpp_s,ns3978931,GVNPRE,1,0,,greedy,size..text,1253253,0,PASS
520.omnetpp_r,ns3978931,GVNPRE,1,0,,greedy,exec_time,1.4468,0,PASS
520.omnetpp_r,ns3978931,GVNPRE,1,0,,greedy,compile_time,132.3964,0,PASS
520.omnetpp_r,ns3978931,GVNPRE,1,0,,greedy,size..text,1253253,0,PASS
519.lbm_r,ns3978931,GVNPRE,1,0,,greedy,exec_time,0.7592,0,PASS
519.lbm_r,ns3978931,GVNPRE,1,0,,greedy,compile_time,0.4142,0,PASS
519.lbm_r,ns3978931,GVNPRE,1,0,,greedy,size..text,14963,0,PASS
544.nab_r,ns3978931,GVNPRE,1,0,,greedy,exec_time,0.5417,0,PASS
544.nab_r,ns3978931,GVNPRE,1,0,,greedy,compile_time,4.9266,0,PASS
544.nab_r,ns3978931,GVNPRE,1,0,,greedy,size..text,195161,0,PASS
526.blender_r,ns3978931,GVNPRE,1,0,,greedy,exec_time,0.0563,0,PASS
526.blender_r,ns3978931,GVNPRE,1,0,,greedy,compile_time,318.2175999999998,0,PASS
526.blender_r,ns3978931,GVNPRE,1,0,,greedy,size..text,8662120,0,PASS
511.povray_r,ns3978931,GVNPRE,1,0,,greedy,exec_time,0.1394,0,PASS
511.povray_r,ns3978931,GVNPRE,1,0,,greedy,compile_time,33.0197,0,PASS
511.povray_r,ns3978931,GVNPRE,1,0,,greedy,size..text,903273,0,PASS
523.xalancbmk_r,ns3978931,GVNPRE,1,0,,greedy,exec_time,0.0257,0,PASS
523.xalancbmk_r,ns3978931,GVNPRE,1,0,,greedy,compile_time,264.89919999999967,0,PASS
523.xalancbmk_r,ns3978931,GVNPRE,1,0,,greedy,size..text,2932437,0,PASS
623.xalancbmk_s,ns3978931,GVNPRE,1,0,,greedy,exec_time,0.0267,0,PASS
623.xalancbmk_s,ns3978931,GVNPRE,1,0,,greedy,compile_time,265.34799999999973,0,PASS
623.xalancbmk_s,ns3978931,GVNPRE,1,0,,greedy,size..text,2932437,0,PASS
502.gcc_r,ns3978931,GVNPRE,1,0,,greedy,exec_time,0.0011,0,PASS
502.gcc_r,ns3978931,GVNPRE,1,0,,greedy,compile_time,259.4661000000002,0,PASS
502.gcc_r,ns3978931,GVNPRE,1,0,,greedy,size..text,6957817,0,PASS
602.gcc_s,ns3978931,GVNPRE,1,0,,greedy,exec_time,0.0009,0,PASS
602.gcc_s,ns3978931,GVNPRE,1,0,,greedy,compile_time,253.7812000000001,0,PASS
602.gcc_s,ns3978931,GVNPRE,1,0,,greedy,size..text,6957817,0,PASS
538.imagick_r,ns3978931,GVNPRE,1,0,,greedy,exec_time,0.003,0,PASS
538.imagick_r,ns3978931,GVNPRE,1,0,,greedy,compile_time,43.61660000000003,0,PASS
538.imagick_r,ns3978931,GVNPRE,1,0,,greedy,size..text,1737002,0,PASS
999.specrand_ir,ns3978931,GVNPRE,1,0,,greedy,exec_time,0.003,0,PASS
999.specrand_ir,ns3978931,GVNPRE,1,0,,greedy,compile_time,0.09670000000000001,0,PASS
999.specrand_ir,ns3978931,GVNPRE,1,0,,greedy,size..text,2326,0,PASS
996.specrand_fs,ns3978931,GVNPRE,1,0,,greedy,exec_time,0.001,0,PASS
996.specrand_fs,ns3978931,GVNPRE,1,0,,greedy,compile_time,0.0975,0,PASS
996.specrand_fs,ns3978931,GVNPRE,1,0,,greedy,size..text,2326,0,PASS
998.specrand_is,ns3978931,GVNPRE,1,0,,greedy,exec_time,0.002,0,PASS
998.specrand_is,ns3978931,GVNPRE,1,0,,greedy,compile_time,0.09620000000000001,0,PASS
998.specrand_is,ns3978931,GVNPRE,1,0,,greedy,size..text,2326,0,PASS
997.specrand_fr,ns3978931,GVNPRE,1,0,,greedy,exec_time,0.003,0,PASS
997.specrand_fr,ns3978931,GVNPRE,1,0,,greedy,compile_time,0.0907,0,PASS
997.specrand_fr,ns3978931,GVNPRE,1,0,,greedy,size..text,2326,0,PASS
600.perlbench_s,ns3978931,GVNPRE,1,0,,fast,,,,FAIL
500.perlbench_r,ns3978931,GVNPRE,1,0,,fast,,,,FAIL
625.x264_s,ns3978931,GVNPRE,1,0,,fast,,,,FAIL
525.x264_r,ns3978931,GVNPRE,1,0,,fast,,,,FAIL
619.lbm_s,ns3978931,GVNPRE,1,0,,fast,exec_time,6.7993,0,PASS
619.lbm_s,ns3978931,GVNPRE,1,0,,fast,compile_time,0.403,0,PASS
619.lbm_s,ns3978931,GVNPRE,1,0,,fast,size..text,19707,0,PASS
557.xz_r,ns3978931,GVNPRE,1,0,,fast,exec_time,5.582899999999999,0,PASS
557.xz_r,ns3978931,GVNPRE,1,0,,fast,compile_time,6.089799999999998,0,PASS
557.xz_r,ns3978931,GVNPRE,1,0,,fast,size..text,204450,0,PASS
657.xz_s,ns3978931,GVNPRE,1,0,,fast,exec_time,5.5969,0,PASS
657.xz_s,ns3978931,GVNPRE,1,0,,fast,compile_time,6.090899999999999,0,PASS
657.xz_s,ns3978931,GVNPRE,1,0,,fast,size..text,204450,0,PASS
631.deepsjeng_s,ns3978931,GVNPRE,1,0,,fast,exec_time,5.255,0,PASS
631.deepsjeng_s,ns3978931,GVNPRE,1,0,,fast,compile_time,2.975,0,PASS
631.deepsjeng_s,ns3978931,GVNPRE,1,0,,fast,size..text,117524,0,PASS
505.mcf_r,ns3978931,GVNPRE,1,0,,fast,exec_time,6.2803,0,PASS
505.mcf_r,ns3978931,GVNPRE,1,0,,fast,compile_time,1.0987,0,PASS
505.mcf_r,ns3978931,GVNPRE,1,0,,fast,size..text,47791,0,PASS
605.mcf_s,ns3978931,GVNPRE,1,0,,fast,exec_time,6.2688,0,PASS
605.mcf_s,ns3978931,GVNPRE,1,0,,fast,compile_time,1.0978,0,PASS
605.mcf_s,ns3978931,GVNPRE,1,0,,fast,size..text,47791,0,PASS
510.parest_r,ns3978931,GVNPRE,1,0,,fast,exec_time,5.7297,0,PASS
510.parest_r,ns3978931,GVNPRE,1,0,,fast,compile_time,554.8362,0,PASS
510.parest_r,ns3978931,GVNPRE,1,0,,fast,size..text,13924577,0,PASS
531.deepsjeng_r,ns3978931,GVNPRE,1,0,,fast,exec_time,4.8027,0,PASS
531.deepsjeng_r,ns3978931,GVNPRE,1,0,,fast,compile_time,2.9475999999999996,0,PASS
531.deepsjeng_r,ns3978931,GVNPRE,1,0,,fast,size..text,117524,0,PASS
541.leela_r,ns3978931,GVNPRE,1,0,,fast,exec_time,3.0392,0,PASS
541.leela_r,ns3978931,GVNPRE,1,0,,fast,compile_time,14.1143,0,PASS
541.leela_r,ns3978931,GVNPRE,1,0,,fast,size..text,196271,0,PASS
641.leela_s,ns3978931,GVNPRE,1,0,,fast,exec_time,3.0422,0,PASS
641.leela_s,ns3978931,GVNPRE,1,0,,fast,compile_time,14.2457,0,PASS
641.leela_s,ns3978931,GVNPRE,1,0,,fast,size..text,196271,0,PASS
508.namd_r,ns3978931,GVNPRE,1,0,,fast,exec_time,2.536,0,PASS
508.namd_r,ns3978931,GVNPRE,1,0,,fast,compile_time,22.2278,0,PASS
508.namd_r,ns3978931,GVNPRE,1,0,,fast,size..text,1367349,0,PASS
520.omnetpp_r,ns3978931,GVNPRE,1,0,,fast,exec_time,1.507,0,PASS
520.omnetpp_r,ns3978931,GVNPRE,1,0,,fast,compile_time,131.84400000000002,0,PASS
520.omnetpp_r,ns3978931,GVNPRE,1,0,,fast,size..text,1800354,0,PASS
620.omnetpp_s,ns3978931,GVNPRE,1,0,,fast,exec_time,1.5094,0,PASS
620.omnetpp_s,ns3978931,GVNPRE,1,0,,fast,compile_time,131.7582,0,PASS
620.omnetpp_s,ns3978931,GVNPRE,1,0,,fast,size..text,1800354,0,PASS
544.nab_r,ns3978931,GVNPRE,1,0,,fast,exec_time,1.0792,0,PASS
544.nab_r,ns3978931,GVNPRE,1,0,,fast,compile_time,4.8591,0,PASS
544.nab_r,ns3978931,GVNPRE,1,0,,fast,size..text,300725,0,PASS
519.lbm_r,ns3978931,GVNPRE,1,0,,fast,exec_time,0.8773,0,PASS
519.lbm_r,ns3978931,GVNPRE,1,0,,fast,compile_time,0.3944,0,PASS
519.lbm_r,ns3978931,GVNPRE,1,0,,fast,size..text,19659,0,PASS
526.blender_r,ns3978931,GVNPRE,1,0,,fast,exec_time,0.0864,0,PASS
526.blender_r,ns3978931,GVNPRE,1,0,,fast,compile_time,312.20349999999996,0,PASS
526.blender_r,ns3978931,GVNPRE,1,0,,fast,size..text,12869388,0,PASS
511.povray_r,ns3978931,GVNPRE,1,0,,fast,exec_time,0.1803,0,PASS
511.povray_r,ns3978931,GVNPRE,1,0,,fast,compile_time,32.7137,0,PASS
511.povray_r,ns3978931,GVNPRE,1,0,,fast,size..text,1352629,0,PASS
523.xalancbmk_r,ns3978931,GVNPRE,1,0,,fast,exec_time,0.0389,0,PASS
523.xalancbmk_r,ns3978931,GVNPRE,1,0,,fast,compile_time,264.0507000000002,0,PASS
523.xalancbmk_r,ns3978931,GVNPRE,1,0,,fast,size..text,4394245,0,PASS
623.xalancbmk_s,ns3978931,GVNPRE,1,0,,fast,exec_time,0.0399,0,PASS
623.xalancbmk_s,ns3978931,GVNPRE,1,0,,fast,compile_time,263.4280999999997,0,PASS
623.xalancbmk_s,ns3978931,GVNPRE,1,0,,fast,size..text,4394245,0,PASS
502.gcc_r,ns3978931,GVNPRE,1,0,,fast,exec_time,0.0009,0,PASS
502.gcc_r,ns3978931,GVNPRE,1,0,,fast,compile_time,255.8965999999999,0,PASS
502.gcc_r,ns3978931,GVNPRE,1,0,,fast,size..text,10664949,0,PASS
602.gcc_s,ns3978931,GVNPRE,1,0,,fast,exec_time,0.003,0,PASS
602.gcc_s,ns3978931,GVNPRE,1,0,,fast,compile_time,249.05389999999989,0,PASS
602.gcc_s,ns3978931,GVNPRE,1,0,,fast,size..text,10664949,0,PASS
538.imagick_r,ns3978931,GVNPRE,1,0,,fast,exec_time,0.0066,0,PASS
538.imagick_r,ns3978931,GVNPRE,1,0,,fast,compile_time,42.2014,0,PASS
538.imagick_r,ns3978931,GVNPRE,1,0,,fast,size..text,2780782,0,PASS
998.specrand_is,ns3978931,GVNPRE,1,0,,fast,exec_time,0.003,0,PASS
998.specrand_is,ns3978931,GVNPRE,1,0,,fast,compile_time,0.0985,0,PASS
998.specrand_is,ns3978931,GVNPRE,1,0,,fast,size..text,3275,0,PASS
996.specrand_fs,ns3978931,GVNPRE,1,0,,fast,exec_time,0.002,0,PASS
996.specrand_fs,ns3978931,GVNPRE,1,0,,fast,compile_time,0.0868,0,PASS
996.specrand_fs,ns3978931,GVNPRE,1,0,,fast,size..text,3275,0,PASS
999.specrand_ir,ns3978931,GVNPRE,1,0,,fast,exec_time,0.0031,0,PASS
999.specrand_ir,ns3978931,GVNPRE,1,0,,fast,compile_time,0.0984,0,PASS
999.specrand_ir,ns3978931,GVNPRE,1,0,,fast,size..text,3275,0,PASS
997.specrand_fr,ns3978931,GVNPRE,1,0,,fast,exec_time,0.003,0,PASS
997.specrand_fr,ns3978931,GVNPRE,1,0,,fast,compile_time,0.0965,0,PASS
997.specrand_fr,ns3978931,GVNPRE,1,0,,fast,size..text,3275,0,PASS
508.namd_r,ns3978931,NewGVN,1,0,opt,pbqp,exec_time,1.9627,0,PASS
508.namd_r,ns3978931,NewGVN,1,0,opt,pbqp,compile_time,22.672800000000002,0,PASS
508.namd_r,ns3978931,NewGVN,1,0,opt,pbqp,size..text,980537,0,PASS
510.parest_r,ns3978931,NewGVN,1,0,opt,pbqp,exec_time,1.8594,0,PASS
510.parest_r,ns3978931,NewGVN,1,0,opt,pbqp,compile_time,568.8145000000005,0,PASS
510.parest_r,ns3978931,NewGVN,1,0,opt,pbqp,size..text,8907473,0,PASS
511.povray_r,ns3978931,NewGVN,1,0,opt,pbqp,exec_time,0.1777,0,PASS
511.povray_r,ns3978931,NewGVN,1,0,opt,pbqp,compile_time,33.71480000000002,0,PASS
511.povray_r,ns3978931,NewGVN,1,0,opt,pbqp,size..text,966308,0,PASS
519.lbm_r,ns3978931,NewGVN,1,0,opt,pbqp,exec_time,1.0288,0,PASS
519.lbm_r,ns3978931,NewGVN,1,0,opt,pbqp,compile_time,0.429,0,PASS
519.lbm_r,ns3978931,NewGVN,1,0,opt,pbqp,size..text,16787,0,PASS
526.blender_r,ns3978931,NewGVN,1,0,opt,pbqp,exec_time,0.067,0,PASS
526.blender_r,ns3978931,NewGVN,1,0,opt,pbqp,compile_time,321.77910000000037,0,PASS
526.blender_r,ns3978931,NewGVN,1,0,opt,pbqp,size..text,8977656,0,PASS
538.imagick_r,ns3978931,NewGVN,1,0,opt,pbqp,exec_time,0.0039,0,PASS
538.imagick_r,ns3978931,NewGVN,1,0,opt,pbqp,compile_time,44.5462,0,PASS
538.imagick_r,ns3978931,NewGVN,1,0,opt,pbqp,size..text,1810921,0,PASS
544.nab_r,ns3978931,NewGVN,1,0,opt,pbqp,exec_time,0.8739,0,PASS
544.nab_r,ns3978931,NewGVN,1,0,opt,pbqp,compile_time,4.956300000000001,0,PASS
544.nab_r,ns3978931,NewGVN,1,0,opt,pbqp,size..text,202328,0,PASS
997.specrand_fr,ns3978931,NewGVN,1,0,opt,pbqp,exec_time,0.0028,0,PASS
997.specrand_fr,ns3978931,NewGVN,1,0,opt,pbqp,compile_time,0.10219999999999999,0,PASS
997.specrand_fr,ns3978931,NewGVN,1,0,opt,pbqp,size..text,2326,0,PASS
619.lbm_s,ns3978931,NewGVN,1,0,opt,pbqp,exec_time,7.9841,0,PASS
619.lbm_s,ns3978931,NewGVN,1,0,opt,pbqp,compile_time,0.4049,0,PASS
619.lbm_s,ns3978931,NewGVN,1,0,opt,pbqp,size..text,16835,0,PASS
996.specrand_fs,ns3978931,NewGVN,1,0,opt,pbqp,exec_time,0.002,0,PASS
996.specrand_fs,ns3978931,NewGVN,1,0,opt,pbqp,compile_time,0.0963,0,PASS
996.specrand_fs,ns3978931,NewGVN,1,0,opt,pbqp,size..text,2326,0,PASS
500.perlbench_r,ns3978931,NewGVN,1,0,opt,pbqp,exec_time,4.4632,0,PASS
500.perlbench_r,ns3978931,NewGVN,1,0,opt,pbqp,compile_time,51.56290000000003,0,PASS
500.perlbench_r,ns3978931,NewGVN,1,0,opt,pbqp,size..text,1711388,0,PASS
502.gcc_r,ns3978931,NewGVN,1,0,opt,pbqp,exec_time,0.0024,0,PASS
502.gcc_r,ns3978931,NewGVN,1,0,opt,pbqp,compile_time,263.9177999999999,0,PASS
502.gcc_r,ns3978931,NewGVN,1,0,opt,pbqp,size..text,7029284,0,PASS
505.mcf_r,ns3978931,NewGVN,1,0,opt,pbqp,exec_time,5.5039,0,PASS
505.mcf_r,ns3978931,NewGVN,1,0,opt,pbqp,compile_time,1.1025,0,PASS
505.mcf_r,ns3978931,NewGVN,1,0,opt,pbqp,size..text,28376,0,PASS
520.omnetpp_r,ns3978931,NewGVN,1,0,opt,pbqp,exec_time,1.387,0,PASS
520.omnetpp_r,ns3978931,NewGVN,1,0,opt,pbqp,compile_time,133.92560000000006,0,PASS
520.omnetpp_r,ns3978931,NewGVN,1,0,opt,pbqp,size..text,1288551,0,PASS
523.xalancbmk_r,ns3978931,NewGVN,1,0,opt,pbqp,exec_time,0.0229,0,PASS
523.xalancbmk_r,ns3978931,NewGVN,1,0,opt,pbqp,compile_time,268.9547,0,PASS
523.xalancbmk_r,ns3978931,NewGVN,1,0,opt,pbqp,size..text,2998437,0,PASS
525.x264_r,ns3978931,NewGVN,1,0,opt,pbqp,exec_time,9.8845,0,PASS
525.x264_r,ns3978931,NewGVN,1,0,opt,pbqp,compile_time,15.9524,0,PASS
525.x264_r,ns3978931,NewGVN,1,0,opt,pbqp,size..text,559520,0,PASS
531.deepsjeng_r,ns3978931,NewGVN,1,0,opt,pbqp,exec_time,4.2509,0,PASS
531.deepsjeng_r,ns3978931,NewGVN,1,0,opt,pbqp,compile_time,3.037,0,PASS
531.deepsjeng_r,ns3978931,NewGVN,1,0,opt,pbqp,size..text,77926,0,PASS
541.leela_r,ns3978931,NewGVN,1,0,opt,pbqp,exec_time,2.7363,0,PASS
541.leela_r,ns3978931,NewGVN,1,0,opt,pbqp,compile_time,14.4264,0,PASS
541.leela_r,ns3978931,NewGVN,1,0,opt,pbqp,size..text,133366,0,PASS
557.xz_r,ns3978931,NewGVN,1,0,opt,pbqp,exec_time,4.508800000000001,0,PASS
557.xz_r,ns3978931,NewGVN,1,0,opt,pbqp,compile_time,6.323500000000001,0,PASS
557.xz_r,ns3978931,NewGVN,1,0,opt,pbqp,size..text,135928,0,PASS
999.specrand_ir,ns3978931,NewGVN,1,0,opt,pbqp,exec_time,0.0028,0,PASS
999.specrand_ir,ns3978931,NewGVN,1,0,opt,pbqp,compile_time,0.1057,0,PASS
999.specrand_ir,ns3978931,NewGVN,1,0,opt,pbqp,size..text,2326,0,PASS
600.perlbench_s,ns3978931,NewGVN,1,0,opt,pbqp,exec_time,4.5318000000000005,0,PASS
600.perlbench_s,ns3978931,NewGVN,1,0,opt,pbqp,compile_time,51.9353,0,PASS
600.perlbench_s,ns3978931,NewGVN,1,0,opt,pbqp,size..text,1711388,0,PASS
602.gcc_s,ns3978931,NewGVN,1,0,opt,pbqp,exec_time,0.0022,0,PASS
602.gcc_s,ns3978931,NewGVN,1,0,opt,pbqp,compile_time,258.3282,0,PASS
602.gcc_s,ns3978931,NewGVN,1,0,opt,pbqp,size..text,7029284,0,PASS
605.mcf_s,ns3978931,NewGVN,1,0,opt,pbqp,exec_time,5.5595,0,PASS
605.mcf_s,ns3978931,NewGVN,1,0,opt,pbqp,compile_time,1.1164,0,PASS
605.mcf_s,ns3978931,NewGVN,1,0,opt,pbqp,size..text,28376,0,PASS
620.omnetpp_s,ns3978931,NewGVN,1,0,opt,pbqp,exec_time,1.3921,0,PASS
620.omnetpp_s,ns3978931,NewGVN,1,0,opt,pbqp,compile_time,134.0581999999999,0,PASS
620.omnetpp_s,ns3978931,NewGVN,1,0,opt,pbqp,size..text,1288551,0,PASS
623.xalancbmk_s,ns3978931,NewGVN,1,0,opt,pbqp,exec_time,0.0262,0,PASS
623.xalancbmk_s,ns3978931,NewGVN,1,0,opt,pbqp,compile_time,269.2009,0,PASS
623.xalancbmk_s,ns3978931,NewGVN,1,0,opt,pbqp,size..text,2998437,0,PASS
625.x264_s,ns3978931,NewGVN,1,0,opt,pbqp,exec_time,10.0827,0,PASS
625.x264_s,ns3978931,NewGVN,1,0,opt,pbqp,compile_time,15.840800000000002,0,PASS
625.x264_s,ns3978931,NewGVN,1,0,opt,pbqp,size..text,559520,0,PASS
631.deepsjeng_s,ns3978931,NewGVN,1,0,opt,pbqp,exec_time,4.7039,0,PASS
631.deepsjeng_s,ns3978931,NewGVN,1,0,opt,pbqp,compile_time,3.042700000000001,0,PASS
631.deepsjeng_s,ns3978931,NewGVN,1,0,opt,pbqp,size..text,77926,0,PASS
641.leela_s,ns3978931,NewGVN,1,0,opt,pbqp,exec_time,2.733,0,PASS
641.leela_s,ns3978931,NewGVN,1,0,opt,pbqp,compile_time,14.417899999999998,0,PASS
641.leela_s,ns3978931,NewGVN,1,0,opt,pbqp,size..text,133366,0,PASS
657.xz_s,ns3978931,NewGVN,1,0,opt,pbqp,exec_time,4.5280000000000005,0,PASS
657.xz_s,ns3978931,NewGVN,1,0,opt,pbqp,compile_time,6.227000000000001,0,PASS
657.xz_s,ns3978931,NewGVN,1,0,opt,pbqp,size..text,135928,0,PASS
998.specrand_is,ns3978931,NewGVN,1,0,opt,pbqp,exec_time,0.0028,0,PASS
998.specrand_is,ns3978931,NewGVN,1,0,opt,pbqp,compile_time,0.08779999999999999,0,PASS
998.specrand_is,ns3978931,NewGVN,1,0,opt,pbqp,size..text,2326,0,PASS
508.namd_r,ns3978931,NewGVN,1,0,opt,greedy,exec_time,1.7254,0,PASS
508.namd_r,ns3978931,NewGVN,1,0,opt,greedy,compile_time,23.0805,0,PASS
508.namd_r,ns3978931,NewGVN,1,0,opt,greedy,size..text,882387,0,PASS
510.parest_r,ns3978931,NewGVN,1,0,opt,greedy,exec_time,1.8712,0,PASS
510.parest_r,ns3978931,NewGVN,1,0,opt,greedy,compile_time,562.7199000000002,0,PASS
510.parest_r,ns3978931,NewGVN,1,0,opt,greedy,size..text,8551761,0,PASS
511.povray_r,ns3978931,NewGVN,1,0,opt,greedy,exec_time,0.1396,0,PASS
511.povray_r,ns3978931,NewGVN,1,0,opt,greedy,compile_time,33.39069999999998,0,PASS
511.povray_r,ns3978931,NewGVN,1,0,opt,greedy,size..text,903241,0,PASS
519.lbm_r,ns3978931,NewGVN,1,0,opt,greedy,exec_time,0.7569,0,PASS
519.lbm_r,ns3978931,NewGVN,1,0,opt,greedy,compile_time,0.4182,0,PASS
519.lbm_r,ns3978931,NewGVN,1,0,opt,greedy,size..text,14963,0,PASS
526.blender_r,ns3978931,NewGVN,1,0,opt,greedy,exec_time,0.0633,0,PASS
526.blender_r,ns3978931,NewGVN,1,0,opt,greedy,compile_time,319.47269999999975,0,PASS
526.blender_r,ns3978931,NewGVN,1,0,opt,greedy,size..text,8675128,0,PASS
538.imagick_r,ns3978931,NewGVN,1,0,opt,greedy,exec_time,0.004,0,PASS
538.imagick_r,ns3978931,NewGVN,1,0,opt,greedy,compile_time,44.059999999999995,0,PASS
538.imagick_r,ns3978931,NewGVN,1,0,opt,greedy,size..text,1735226,0,PASS
544.nab_r,ns3978931,NewGVN,1,0,opt,greedy,exec_time,0.5386,0,PASS
544.nab_r,ns3978931,NewGVN,1,0,opt,greedy,compile_time,4.932999999999999,0,PASS
544.nab_r,ns3978931,NewGVN,1,0,opt,greedy,size..text,193097,0,PASS
997.specrand_fr,ns3978931,NewGVN,1,0,opt,greedy,exec_time,0.0029,0,PASS
997.specrand_fr,ns3978931,NewGVN,1,0,opt,greedy,compile_time,0.1018,0,PASS
997.specrand_fr,ns3978931,NewGVN,1,0,opt,greedy,size..text,2326,0,PASS
619.lbm_s,ns3978931,NewGVN,1,0,opt,greedy,exec_time,6.2787,0,PASS
619.lbm_s,ns3978931,NewGVN,1,0,opt,greedy,compile_time,0.40769999999999995,0,PASS
619.lbm_s,ns3978931,NewGVN,1,0,opt,greedy,size..text,15011,0,PASS
996.specrand_fs,ns3978931,NewGVN,1,0,opt,greedy,exec_time,0.0019,0,PASS
996.specrand_fs,ns3978931,NewGVN,1,0,opt,greedy,compile_time,0.0889,0,PASS
996.specrand_fs,ns3978931,NewGVN,1,0,opt,greedy,size..text,2326,0,PASS
500.perlbench_r,ns3978931,NewGVN,1,0,opt,greedy,exec_time,4.498500000000001,0,PASS
500.perlbench_r,ns3978931,NewGVN,1,0,opt,greedy,compile_time,51.800000000000004,0,PASS
500.perlbench_r,ns3978931,NewGVN,1,0,opt,greedy,size..text,1686827,0,PASS
502.gcc_r,ns3978931,NewGVN,1,0,opt,greedy,exec_time,0.0032,0,PASS
502.gcc_r,ns3978931,NewGVN,1,0,opt,greedy,compile_time,263.21879999999976,0,PASS
502.gcc_r,ns3978931,NewGVN,1,0,opt,greedy,size..text,6977545,0,PASS
505.mcf_r,ns3978931,NewGVN,1,0,opt,greedy,exec_time,5.407,0,PASS
505.mcf_r,ns3978931,NewGVN,1,0,opt,greedy,compile_time,1.0896000000000001,0,PASS
505.mcf_r,ns3978931,NewGVN,1,0,opt,greedy,size..text,26152,0,PASS
520.omnetpp_r,ns3978931,NewGVN,1,0,opt,greedy,exec_time,1.3781,0,PASS
520.omnetpp_r,ns3978931,NewGVN,1,0,opt,greedy,compile_time,133.53279999999998,0,PASS
520.omnetpp_r,ns3978931,NewGVN,1,0,opt,greedy,size..text,1255029,0,PASS
523.xalancbmk_r,ns3978931,NewGVN,1,0,opt,greedy,exec_time,0.0287,0,PASS
523.xalancbmk_r,ns3978931,NewGVN,1,0,opt,greedy,compile_time,267.21329999999995,0,PASS
523.xalancbmk_r,ns3978931,NewGVN,1,0,opt,greedy,size..text,2934725,0,PASS
525.x264_r,ns3978931,NewGVN,1,0,opt,greedy,exec_time,9.4726,0,PASS
525.x264_r,ns3978931,NewGVN,1,0,opt,greedy,compile_time,15.7609,0,PASS
525.x264_r,ns3978931,NewGVN,1,0,opt,greedy,size..text,537612,0,PASS
531.deepsjeng_r,ns3978931,NewGVN,1,0,opt,greedy,exec_time,4.1847,0,PASS
531.deepsjeng_r,ns3978931,NewGVN,1,0,opt,greedy,compile_time,3.0073999999999996,0,PASS
531.deepsjeng_r,ns3978931,NewGVN,1,0,opt,greedy,size..text,76548,0,PASS
541.leela_r,ns3978931,NewGVN,1,0,opt,greedy,exec_time,2.738,0,PASS
541.leela_r,ns3978931,NewGVN,1,0,opt,greedy,compile_time,14.161999999999997,0,PASS
541.leela_r,ns3978931,NewGVN,1,0,opt,greedy,size..text,128395,0,PASS
557.xz_r,ns3978931,NewGVN,1,0,opt,greedy,exec_time,4.428300000000001,0,PASS
557.xz_r,ns3978931,NewGVN,1,0,opt,greedy,compile_time,6.336500000000002,0,PASS
557.xz_r,ns3978931,NewGVN,1,0,opt,greedy,size..text,131170,0,PASS
999.specrand_ir,ns3978931,NewGVN,1,0,opt,greedy,exec_time,0.0029,0,PASS
999.specrand_ir,ns3978931,NewGVN,1,0,opt,greedy,compile_time,0.0936,0,PASS
999.specrand_ir,ns3978931,NewGVN,1,0,opt,greedy,size..text,2326,0,PASS
600.perlbench_s,ns3978931,NewGVN,1,0,opt,greedy,exec_time,4.4864,0,PASS
600.perlbench_s,ns3978931,NewGVN,1,0,opt,greedy,compile_time,51.88610000000001,0,PASS
600.perlbench_s,ns3978931,NewGVN,1,0,opt,greedy,size..text,1686827,0,PASS
602.gcc_s,ns3978931,NewGVN,1,0,opt,greedy,exec_time,0.0021,0,PASS
602.gcc_s,ns3978931,NewGVN,1,0,opt,greedy,compile_time,256.55669999999986,0,PASS
602.gcc_s,ns3978931,NewGVN,1,0,opt,greedy,size..text,6977545,0,PASS
605.mcf_s,ns3978931,NewGVN,1,0,opt,greedy,exec_time,5.417,0,PASS
605.mcf_s,ns3978931,NewGVN,1,0,opt,greedy,compile_time,1.1181999999999999,0,PASS
605.mcf_s,ns3978931,NewGVN,1,0,opt,greedy,size..text,26152,0,PASS
620.omnetpp_s,ns3978931,NewGVN,1,0,opt,greedy,exec_time,1.3863,0,PASS
620.omnetpp_s,ns3978931,NewGVN,1,0,opt,greedy,compile_time,133.22279999999998,0,PASS
620.omnetpp_s,ns3978931,NewGVN,1,0,opt,greedy,size..text,1255029,0,PASS
623.xalancbmk_s,ns3978931,NewGVN,1,0,opt,greedy,exec_time,0.0275,0,PASS
623.xalancbmk_s,ns3978931,NewGVN,1,0,opt,greedy,compile_time,267.1288999999999,0,PASS
623.xalancbmk_s,ns3978931,NewGVN,1,0,opt,greedy,size..text,2934725,0,PASS
625.x264_s,ns3978931,NewGVN,1,0,opt,greedy,exec_time,9.4486,0,PASS
625.x264_s,ns3978931,NewGVN,1,0,opt,greedy,compile_time,15.613600000000002,0,PASS
625.x264_s,ns3978931,NewGVN,1,0,opt,greedy,size..text,537612,0,PASS
631.deepsjeng_s,ns3978931,NewGVN,1,0,opt,greedy,exec_time,4.4773,0,PASS
631.deepsjeng_s,ns3978931,NewGVN,1,0,opt,greedy,compile_time,3.0341,0,PASS
631.deepsjeng_s,ns3978931,NewGVN,1,0,opt,greedy,size..text,76548,0,PASS
641.leela_s,ns3978931,NewGVN,1,0,opt,greedy,exec_time,2.7368,0,PASS
641.leela_s,ns3978931,NewGVN,1,0,opt,greedy,compile_time,14.3538,0,PASS
641.leela_s,ns3978931,NewGVN,1,0,opt,greedy,size..text,128395,0,PASS
657.xz_s,ns3978931,NewGVN,1,0,opt,greedy,exec_time,4.406100000000001,0,PASS
657.xz_s,ns3978931,NewGVN,1,0,opt,greedy,compile_time,6.2230000000000025,0,PASS
657.xz_s,ns3978931,NewGVN,1,0,opt,greedy,size..text,131170,0,PASS
998.specrand_is,ns3978931,NewGVN,1,0,opt,greedy,exec_time,0.0029,0,PASS
998.specrand_is,ns3978931,NewGVN,1,0,opt,greedy,compile_time,0.0964,0,PASS
998.specrand_is,ns3978931,NewGVN,1,0,opt,greedy,size..text,2326,0,PASS
557.xz_r,ns3978931,NoGVN,,,,,exec_time,4.417199999999999,0,PASS
557.xz_r,ns3978931,NoGVN,,,,,compile_time,6.1685000000000025,0,PASS
557.xz_r,ns3978931,NoGVN,,,,,size..text,132002,0,PASS
657.xz_s,ns3978931,NoGVN,,,,,exec_time,4.4324,0,PASS
657.xz_s,ns3978931,NoGVN,,,,,compile_time,6.092800000000002,0,PASS
657.xz_s,ns3978931,NoGVN,,,,,size..text,132002,0,PASS
600.perlbench_s,ns3978931,NoGVN,,,,,exec_time,4.452,0,PASS
600.perlbench_s,ns3978931,NoGVN,,,,,compile_time,49.73240000000001,0,PASS
600.perlbench_s,ns3978931,NoGVN,,,,,size..text,1686583,0,PASS
500.perlbench_r,ns3978931,NoGVN,,,,,exec_time,4.5227,0,PASS
500.perlbench_r,ns3978931,NoGVN,,,,,compile_time,49.18809999999999,0,PASS
500.perlbench_r,ns3978931,NoGVN,,,,,size..text,1686583,0,PASS
625.x264_s,ns3978931,NoGVN,,,,,exec_time,9.5058,0,PASS
625.x264_s,ns3978931,NoGVN,,,,,compile_time,14.988400000000007,0,PASS
625.x264_s,ns3978931,NoGVN,,,,,size..text,536844,0,PASS
525.x264_r,ns3978931,NoGVN,,,,,exec_time,9.3894,0,PASS
525.x264_r,ns3978931,NoGVN,,,,,compile_time,15.1912,0,PASS
525.x264_r,ns3978931,NoGVN,,,,,size..text,536844,0,PASS
631.deepsjeng_s,ns3978931,NoGVN,,,,,exec_time,4.6119,0,PASS
631.deepsjeng_s,ns3978931,NoGVN,,,,,compile_time,2.8918999999999997,0,PASS
631.deepsjeng_s,ns3978931,NoGVN,,,,,size..text,75940,0,PASS
619.lbm_s,ns3978931,NoGVN,,,,,exec_time,6.3034,0,PASS
619.lbm_s,ns3978931,NoGVN,,,,,compile_time,0.39849999999999997,0,PASS
619.lbm_s,ns3978931,NoGVN,,,,,size..text,15091,0,PASS
505.mcf_r,ns3978931,NoGVN,,,,,exec_time,5.3927,0,PASS
505.mcf_r,ns3978931,NoGVN,,,,,compile_time,1.0753000000000001,0,PASS
505.mcf_r,ns3978931,NoGVN,,,,,size..text,26568,0,PASS
605.mcf_s,ns3978931,NoGVN,,,,,exec_time,5.4054,0,PASS
605.mcf_s,ns3978931,NoGVN,,,,,compile_time,1.1225999999999998,0,PASS
605.mcf_s,ns3978931,NoGVN,,,,,size..text,26568,0,PASS
531.deepsjeng_r,ns3978931,NoGVN,,,,,exec_time,4.1552,0,PASS
531.deepsjeng_r,ns3978931,NoGVN,,,,,compile_time,2.8481,0,PASS
531.deepsjeng_r,ns3978931,NoGVN,,,,,size..text,75940,0,PASS
541.leela_r,ns3978931,NoGVN,,,,,exec_time,2.7315,0,PASS
541.leela_r,ns3978931,NoGVN,,,,,compile_time,13.978299999999999,0,PASS
541.leela_r,ns3978931,NoGVN,,,,,size..text,129147,0,PASS
641.leela_s,ns3978931,NoGVN,,,,,exec_time,2.7191,0,PASS
641.leela_s,ns3978931,NoGVN,,,,,compile_time,14.1941,0,PASS
641.leela_s,ns3978931,NoGVN,,,,,size..text,129147,0,PASS
510.parest_r,ns3978931,NoGVN,,,,,exec_time,1.8966,0,PASS
510.parest_r,ns3978931,NoGVN,,,,,compile_time,551.7962000000005,0,PASS
510.parest_r,ns3978931,NoGVN,,,,,size..text,8699425,0,PASS
508.namd_r,ns3978931,NoGVN,,,,,exec_time,1.7351,0,PASS
508.namd_r,ns3978931,NoGVN,,,,,compile_time,22.147000000000002,0,PASS
508.namd_r,ns3978931,NoGVN,,,,,size..text,881843,0,PASS
520.omnetpp_r,ns3978931,NoGVN,,,,,exec_time,1.3978,0,PASS
520.omnetpp_r,ns3978931,NoGVN,,,,,compile_time,131.4091999999999,0,PASS
520.omnetpp_r,ns3978931,NoGVN,,,,,size..text,1257029,0,PASS
620.omnetpp_s,ns3978931,NoGVN,,,,,exec_time,1.3893,0,PASS
620.omnetpp_s,ns3978931,NoGVN,,,,,compile_time,131.86949999999996,0,PASS
620.omnetpp_s,ns3978931,NoGVN,,,,,size..text,1257029,0,PASS
519.lbm_r,ns3978931,NoGVN,,,,,exec_time,0.7593,0,PASS
519.lbm_r,ns3978931,NoGVN,,,,,compile_time,0.4021,0,PASS
519.lbm_r,ns3978931,NoGVN,,,,,size..text,15027,0,PASS
544.nab_r,ns3978931,NoGVN,,,,,exec_time,0.5428,0,PASS
544.nab_r,ns3978931,NoGVN,,,,,compile_time,4.810599999999999,0,PASS
544.nab_r,ns3978931,NoGVN,,,,,size..text,194137,0,PASS
526.blender_r,ns3978931,NoGVN,,,,,exec_time,0.0606,0,PASS
526.blender_r,ns3978931,NoGVN,,,,,compile_time,306.5556000000003,0,PASS
526.blender_r,ns3978931,NoGVN,,,,,size..text,8672248,0,PASS
511.povray_r,ns3978931,NoGVN,,,,,exec_time,0.1445,0,PASS
511.povray_r,ns3978931,NoGVN,,,,,compile_time,32.59870000000001,0,PASS
511.povray_r,ns3978931,NoGVN,,,,,size..text,904279,0,PASS
523.xalancbmk_r,ns3978931,NoGVN,,,,,exec_time,0.0252,0,PASS
523.xalancbmk_r,ns3978931,NoGVN,,,,,compile_time,262.0331999999999,0,PASS
523.xalancbmk_r,ns3978931,NoGVN,,,,,size..text,2938981,0,PASS
623.xalancbmk_s,ns3978931,NoGVN,,,,,exec_time,0.027,0,PASS
623.xalancbmk_s,ns3978931,NoGVN,,,,,compile_time,261.8597999999998,0,PASS
623.xalancbmk_s,ns3978931,NoGVN,,,,,size..text,2938981,0,PASS
602.gcc_s,ns3978931,NoGVN,,,,,exec_time,0.0022,0,PASS
602.gcc_s,ns3978931,NoGVN,,,,,compile_time,247.01170000000013,0,PASS
602.gcc_s,ns3978931,NoGVN,,,,,size..text,6992087,0,PASS
502.gcc_r,ns3978931,NoGVN,,,,,exec_time,0.0034,0,PASS
502.gcc_r,ns3978931,NoGVN,,,,,compile_time,252.8537999999999,0,PASS
502.gcc_r,ns3978931,NoGVN,,,,,size..text,6992087,0,PASS
538.imagick_r,ns3978931,NoGVN,,,,,exec_time,0.005,0,PASS
538.imagick_r,ns3978931,NoGVN,,,,,compile_time,42.6153,0,PASS
538.imagick_r,ns3978931,NoGVN,,,,,size..text,1740458,0,PASS
997.specrand_fr,ns3978931,NoGVN,,,,,exec_time,0.002,0,PASS
997.specrand_fr,ns3978931,NoGVN,,,,,compile_time,0.0933,0,PASS
997.specrand_fr,ns3978931,NoGVN,,,,,size..text,2262,0,PASS
996.specrand_fs,ns3978931,NoGVN,,,,,exec_time,0.002,0,PASS
996.specrand_fs,ns3978931,NoGVN,,,,,compile_time,0.0925,0,PASS
996.specrand_fs,ns3978931,NoGVN,,,,,size..text,2262,0,PASS
999.specrand_ir,ns3978931,NoGVN,,,,,exec_time,0.002,0,PASS
999.specrand_ir,ns3978931,NoGVN,,,,,compile_time,0.0964,0,PASS
999.specrand_ir,ns3978931,NoGVN,,,,,size..text,2262,0,PASS
998.specrand_is,ns3978931,NoGVN,,,,,exec_time,0.003,0,PASS
998.specrand_is,ns3978931,NoGVN,,,,,compile_time,0.093,0,PASS
998.specrand_is,ns3978931,NoGVN,,,,,size..text,2262,0,PASS
